college,department,href
College of Liberal Arts and Sciences,College of Liberal Arts and Sciences Non-departmental Courses,/my-ui/courses/by-department.page?search=&_ticket=wAjxxAEvAo5w00t5-7oaZvS14lRMWZ5v&q.academicUnitId=409
College of Liberal Arts and Sciences,African American Studies,/my-ui/courses/by-department.page?search=&_ticket=QaD0g80mB51w00t5-7oaZvS14lRMWZ5v&q.academicUnitId=532
College of Liberal Arts and Sciences,American Indian and Native Studies Program,/my-ui/courses/by-department.page?search=&_ticket=ZPkZlU_8sS1w00t5-7oaZvS14lRMWZ5v&q.academicUnitId=518
College of Liberal Arts and Sciences,American Studies,/my-ui/courses/by-department.page?search=&_ticket=70hbi010nm1w00t5-7oaZvxrZxWWA5Tu&q.academicUnitId=534
College of Liberal Arts and Sciences,Anthropology,/my-ui/courses/by-department.page?search=&_ticket=fd77Ws3wtnpw00t5-7oaZvxrZxWWA5Tu&q.academicUnitId=535
College of Liberal Arts and Sciences,Arabic Language and Literature,/my-ui/courses/by-department.page?search=&_ticket=Qtc2qNxVKbZw00t5-7oaZvxrZxWWA5Tu&q.academicUnitId=649
College of Liberal Arts and Sciences,School of Art and Art History,/my-ui/courses/by-department.page?search=&_ticket=dtUMNcBMv5hw00t5-7oaZvxrZxWWA5Tu&q.academicUnitId=562
College of Liberal Arts and Sciences,Asian & Slavic Languages and Literatures,/my-ui/courses/by-department.page?search=&_ticket=jIwcPtYPy5Rw00t5-7oaZvxrZxWWA5Tu&q.academicUnitId=536
College of Liberal Arts and Sciences,American Sign Language,/my-ui/courses/by-department.page?search=&_ticket=w4_h6x4HyP1w00t5-7oaZvxrZxWWA5Tu&q.academicUnitId=533
College of Liberal Arts and Sciences,Aging and Longevity Studies Program,/my-ui/courses/by-department.page?search=&_ticket=dvLCaFj0YZRw00t5-7oaZvxrZxWWA5Tu&q.academicUnitId=517
College of Liberal Arts and Sciences,Biology,/my-ui/courses/by-department.page?search=&_ticket=OnXGIhYGS3Jw00t5-7oaZvxrZxWWA5Tu&q.academicUnitId=537
College of Liberal Arts and Sciences,Critical Cultural Competence Certificate Program,/my-ui/courses/by-department.page?search=&_ticket=upJzI9H_AcVw00t5-7oaZvxrZxWWA5Tu&q.academicUnitId=671
College of Liberal Arts and Sciences,Cinematic Arts,/my-ui/courses/by-department.page?search=&_ticket=t8OuJ6Nt0b9w00t5-7oaZvxrZxWWA5Tu&q.academicUnitId=527
College of Liberal Arts and Sciences,Chemistry,/my-ui/courses/by-department.page?search=&_ticket=ijZgLAGmAkhw00t5-7oaZvxrZxWWA5Tu&q.academicUnitId=538
College of Liberal Arts and Sciences,CLAS Non-Departmental,/my-ui/courses/by-department.page?search=&_ticket=hEFgMX7N8tNw00t5-7oaZvxrZxWWA5Tu&q.academicUnitId=528
College of Liberal Arts and Sciences,Classics,/my-ui/courses/by-department.page?search=&_ticket=dp71ixS1ytZw00t5-7oaZvxrZxWWA5Tu&q.academicUnitId=539
College of Liberal Arts and Sciences,Communication Studies,/my-ui/courses/by-department.page?search=&_ticket=qaxXrLR48uJw00t5-7oaZvxrZxWWA5Tu&q.academicUnitId=540
College of Liberal Arts and Sciences,Computer Science,/my-ui/courses/by-department.page?search=&_ticket=P6sMSTbnCz9w00t5-7oaZvxrZxWWA5Tu&q.academicUnitId=541
College of Liberal Arts and Sciences,Creative Writing-Writers' Workshop,/my-ui/courses/by-department.page?search=&_ticket=55NVtyrRvpdw00t5-7oaZvxrZxWWA5Tu&q.academicUnitId=631
College of Liberal Arts and Sciences,Dance,/my-ui/courses/by-department.page?search=&_ticket=0rv2kDnFl-9w00t5-7oaZla3GMSe79FO&q.academicUnitId=523
College of Liberal Arts and Sciences,"Division of World Languages, Literatures and Cultures",/my-ui/courses/by-department.page?search=&_ticket=VKDX3Cm-OO9w00t5-7oaZla3GMSe79FO&q.academicUnitId=702
College of Liberal Arts and Sciences,English,/my-ui/courses/by-department.page?search=&_ticket=SyzFPN5D-WJw00t5-7oaZla3GMSe79FO&q.academicUnitId=542
College of Liberal Arts and Sciences,Environmental Sciences,/my-ui/courses/by-department.page?search=&_ticket=Uzq587g5GQ1w00t5-7oaZla3GMSe79FO&q.academicUnitId=582
College of Liberal Arts and Sciences,English as a Second Language Programs,/my-ui/courses/by-department.page?search=&_ticket=c2MOKU_PTohw00t5-7oaZla3GMSe79FO&q.academicUnitId=678
College of Liberal Arts and Sciences,French and Italian,/my-ui/courses/by-department.page?search=&_ticket=DfQR4bzBecdw00t5-7oaZla3GMSe79FO&q.academicUnitId=543
College of Liberal Arts and Sciences,General Education Literature,/my-ui/courses/by-department.page?search=&_ticket=tijpRvJ8MoJw00t5-7oaZla3GMSe79FO&q.academicUnitId=632
College of Liberal Arts and Sciences,Geographical and Sustainability Sciences,/my-ui/courses/by-department.page?search=&_ticket=LIPgKgXpq9Fw00t5-7oaZla3GMSe79FO&q.academicUnitId=544
College of Liberal Arts and Sciences,Earth and Environmental Sciences,/my-ui/courses/by-department.page?search=&_ticket=ycEaMB-oM5lw00t5-7oaZla3GMSe79FO&q.academicUnitId=529
College of Liberal Arts and Sciences,Global Health Studies,/my-ui/courses/by-department.page?search=&_ticket=skW_2C-g8xhw00t5-7oaZla3GMSe79FO&q.academicUnitId=546
College of Liberal Arts and Sciences,German,/my-ui/courses/by-department.page?search=&_ticket=0h8lOLR3hSFw00t5-7oaZla3GMSe79FO&q.academicUnitId=545
College of Liberal Arts and Sciences,History,/my-ui/courses/by-department.page?search=&_ticket=oQL8qCVrJqpw00t5-7oaZla3GMSe79FO&q.academicUnitId=549
College of Liberal Arts and Sciences,Health and Physical Activity Skills,/my-ui/courses/by-department.page?search=&_ticket=-BpTFLRIorJw00t5-7oaZla3GMSe79FO&q.academicUnitId=650
College of Liberal Arts and Sciences,Interdepartmental Studies,/my-ui/courses/by-department.page?search=&_ticket=HzvKuFRou9xw00t5-7oaZla3GMSe79FO&q.academicUnitId=637
College of Liberal Arts and Sciences,Division of Interdisciplinary Programs,/my-ui/courses/by-department.page?search=&_ticket=QYGAgPofX2pw00t5-7oaZla3GMSe79FO&q.academicUnitId=515
College of Liberal Arts and Sciences,Health and Human Physiology,/my-ui/courses/by-department.page?search=&_ticket=taptd1SViiBw00t5-7oaZla3GMSe79FO&q.academicUnitId=550
College of Liberal Arts and Sciences,International Studies,/my-ui/courses/by-department.page?search=&_ticket=xY3P0GMHP6lw00t5-7oaZieYtXpT9Iue&q.academicUnitId=551
College of Liberal Arts and Sciences,Iowa Young Writers' Studio,/my-ui/courses/by-department.page?search=&_ticket=Ll-vQtSseBBw00t5-7oaZieYtXpT9Iue&q.academicUnitId=486
College of Liberal Arts and Sciences,School of Journalism and Mass Communication,/my-ui/courses/by-department.page?search=&_ticket=rXLLstIdx9Nw00t5-7oaZieYtXpT9Iue&q.academicUnitId=563
College of Liberal Arts and Sciences,Latin American Studies,/my-ui/courses/by-department.page?search=&_ticket=bqFldu6WqFlw00t5-7oaZieYtXpT9Iue&q.academicUnitId=552
College of Liberal Arts and Sciences,Latina/o Studies,/my-ui/courses/by-department.page?search=&_ticket=-74en5VI3Qlw00t5-7oaZieYtXpT9Iue&q.academicUnitId=714
College of Liberal Arts and Sciences,Linguistics,/my-ui/courses/by-department.page?search=&_ticket=la5hXsFmRnVw00t5-7oaZieYtXpT9Iue&q.academicUnitId=553
College of Liberal Arts and Sciences,Mathematics,/my-ui/courses/by-department.page?search=&_ticket=tDdbqBp-Ga1w00t5-7oaZieYtXpT9Iue&q.academicUnitId=554
College of Liberal Arts and Sciences,Medieval Studies Program,/my-ui/courses/by-department.page?search=&_ticket=Jw6uJa2QULVw00t5-7oaZieYtXpT9Iue&q.academicUnitId=521
College of Liberal Arts and Sciences,School of Music,/my-ui/courses/by-department.page?search=&_ticket=_e0ewQ_Ru2Jw00t5-7oaZieYtXpT9Iue&q.academicUnitId=525
College of Liberal Arts and Sciences,Museum Studies,/my-ui/courses/by-department.page?search=&_ticket=qKB5-yVUypVw00t5-7oaZieYtXpT9Iue&q.academicUnitId=475
College of Liberal Arts and Sciences,Optical Science and Technology Center,/my-ui/courses/by-department.page?search=&_ticket=stwoBQRGTClw00t5-7oaZieYtXpT9Iue&q.academicUnitId=711
College of Liberal Arts and Sciences,Performing Arts Entrepreneurship,/my-ui/courses/by-department.page?search=&_ticket=SVy1mMOtMqdw00t5-7oaZieYtXpT9Iue&q.academicUnitId=524
College of Liberal Arts and Sciences,Philosophy,/my-ui/courses/by-department.page?search=&_ticket=HvbzLCLU835w00t5-7oaZieYtXpT9Iue&q.academicUnitId=556
College of Liberal Arts and Sciences,Physics and Astronomy,/my-ui/courses/by-department.page?search=&_ticket=HGihw-6gXjRw00t5-7oaZieYtXpT9Iue&q.academicUnitId=530
College of Liberal Arts and Sciences,Political Science,/my-ui/courses/by-department.page?search=&_ticket=POdcYMPHiKVw00t5-7oaZieYtXpT9Iue&q.academicUnitId=557
College of Liberal Arts and Sciences,Psychological and Brain Sciences,/my-ui/courses/by-department.page?search=&_ticket=7vGPwndtQq9w00t5-7oaZkl4hxQ45GJY&q.academicUnitId=558
College of Liberal Arts and Sciences,Religious Studies,/my-ui/courses/by-department.page?search=&_ticket=k61T7W1i7PVw00t5-7oaZkl4hxQ45GJY&q.academicUnitId=559
College of Liberal Arts and Sciences,Rhetoric,/my-ui/courses/by-department.page?search=&_ticket=X2_55kTEdfxw00t5-7oaZkl4hxQ45GJY&q.academicUnitId=560
College of Liberal Arts and Sciences,Second Language Acquisition,/my-ui/courses/by-department.page?search=&_ticket=LTmXHHWg_Y9w00t5-7oaZkl4hxQ45GJY&q.academicUnitId=509
College of Liberal Arts and Sciences,Russian,/my-ui/courses/by-department.page?search=&_ticket=-B2zjZyUhNVw00t5-7oaZkl4hxQ45GJY&q.academicUnitId=561
College of Liberal Arts and Sciences,Sociology,/my-ui/courses/by-department.page?search=&_ticket=7X4fPQIK1iNw00t5-7oaZkl4hxQ45GJY&q.academicUnitId=565
College of Liberal Arts and Sciences,Communication Sciences and Disorders,/my-ui/courses/by-department.page?search=&_ticket=LWm85TqICi1w00t5-7oaZkl4hxQ45GJY&q.academicUnitId=567
College of Liberal Arts and Sciences,Spanish and Portuguese,/my-ui/courses/by-department.page?search=&_ticket=6KW_h_nEMulw00t5-7oaZkl4hxQ45GJY&q.academicUnitId=566
College of Liberal Arts and Sciences,Sport Studies,/my-ui/courses/by-department.page?search=&_ticket=X_jQh4lx3hlw00t5-7oaZkl4hxQ45GJY&q.academicUnitId=548
College of Liberal Arts and Sciences,School of Social Work,/my-ui/courses/by-department.page?search=&_ticket=bQd_t4w7h6hw00t5-7oaZkl4hxQ45GJY&q.academicUnitId=564
College of Liberal Arts and Sciences,Statistics and Actuarial Science,/my-ui/courses/by-department.page?search=&_ticket=SWGDgedrxRBw00t5-7oaZkl4hxQ45GJY&q.academicUnitId=531
College of Liberal Arts and Sciences,Swahili,/my-ui/courses/by-department.page?search=&_ticket=mnUtnvO4r3Fw00t5-7oaZkl4hxQ45GJY&q.academicUnitId=674
College of Liberal Arts and Sciences,Theatre Arts,/my-ui/courses/by-department.page?search=&_ticket=er6uUDdVhxBw00t5-7oaZkl4hxQ45GJY&q.academicUnitId=526
College of Liberal Arts and Sciences,"Gender, Women's, and Sexuality Studies",/my-ui/courses/by-department.page?search=&_ticket=2j9jmtffsjRw00t5-7oaZkl4hxQ45GJY&q.academicUnitId=568
College of Liberal Arts and Sciences,Magid Center for Undergraduate Writing,/my-ui/courses/by-department.page?search=&_ticket=24HHaFXJde5w00t5-7oaZkl4hxQ45GJY&q.academicUnitId=710
Tippie College of Business,Tippie College of Business Non-departmental Courses,/my-ui/courses/by-department.page?search=&_ticket=5OU8zdcw7cJw00t5-7oaZnAm4AbKQSK3&q.academicUnitId=410
Tippie College of Business,Accounting,/my-ui/courses/by-department.page?search=&_ticket=BKyr8p08Me1w00t5-7oaZnAm4AbKQSK3&q.academicUnitId=426
Tippie College of Business,Business Administration,/my-ui/courses/by-department.page?search=&_ticket=aBGnhm_pNXRw00t5-7oaZnAm4AbKQSK3&q.academicUnitId=427
Tippie College of Business,Economics,/my-ui/courses/by-department.page?search=&_ticket=Mgj8KhLxZm1w00t5-7oaZnAm4AbKQSK3&q.academicUnitId=428
Tippie College of Business,Entrepreneurship,/my-ui/courses/by-department.page?search=&_ticket=FgOnemDJWBZw00t5-7oaZnAm4AbKQSK3&q.academicUnitId=433
Tippie College of Business,Executive MBA Program,/my-ui/courses/by-department.page?search=&_ticket=RzanfsbJyjpw00t5-7oaZnAm4AbKQSK3&q.academicUnitId=424
Tippie College of Business,Finance,/my-ui/courses/by-department.page?search=&_ticket=LX2Tg3vh799w00t5-7oaZgjR9c-c4dAu&q.academicUnitId=429
Tippie College of Business,International Executive Program,/my-ui/courses/by-department.page?search=&_ticket=1hioPzi_j0Zw00t5-7oaZgjR9c-c4dAu&q.academicUnitId=425
Tippie College of Business,MBA Program,/my-ui/courses/by-department.page?search=&_ticket=GTDWP6VfG1Nw00t5-7oaZgjR9c-c4dAu&q.academicUnitId=422
Tippie College of Business,MBA Professional Program,/my-ui/courses/by-department.page?search=&_ticket=5l8wg6q8RERw00t5-7oaZgjR9c-c4dAu&q.academicUnitId=423
Tippie College of Business,Management and Organizations,/my-ui/courses/by-department.page?search=&_ticket=oghx36bO3UNw00t5-7oaZgjR9c-c4dAu&q.academicUnitId=430
Tippie College of Business,Marketing,/my-ui/courses/by-department.page?search=&_ticket=yuYa3DUbF0Bw00t5-7oaZgjR9c-c4dAu&q.academicUnitId=432
Tippie College of Business,Management Sciences,/my-ui/courses/by-department.page?search=&_ticket=Qe_tCzhthAZw00t5-7oaZgjR9c-c4dAu&q.academicUnitId=431
College of Dentistry,College of Dentistry Non-departmental Courses,/my-ui/courses/by-department.page?search=&_ticket=bQGbbdOYy8QPay9rryDfKFGWPxZB1Cdo&q.academicUnitId=411
College of Dentistry,Endodontics,/my-ui/courses/by-department.page?search=&_ticket=XeyIFanLwfoPay9rryDfKFGWPxZB1Cdo&q.academicUnitId=437
College of Dentistry,Family Dentistry,/my-ui/courses/by-department.page?search=&_ticket=HeO6qw3CHscPay9rryDfKFGWPxZB1Cdo&q.academicUnitId=445
College of Dentistry,Oral and Maxillofacial Surgery,/my-ui/courses/by-department.page?search=&_ticket=XLaQ24jNUIAPay9rryDfKFGWPxZB1Cdo&q.academicUnitId=440
College of Dentistry,Operative Dentistry,/my-ui/courses/by-department.page?search=&_ticket=fMl_3xZVaT8Pay9rryDfKFGWPxZB1Cdo&q.academicUnitId=436
College of Dentistry,"Oral Pathology, Radiology and Medicine",/my-ui/courses/by-department.page?search=&_ticket=gT1076KAXEgPay9rryDfKFGWPxZB1Cdo&q.academicUnitId=439
College of Dentistry,Orthodontics,/my-ui/courses/by-department.page?search=&_ticket=yzaGH3IQ_ZYPay9rryDfKFGWPxZB1Cdo&q.academicUnitId=441
College of Dentistry,Oral Science,/my-ui/courses/by-department.page?search=&_ticket=T7PZ2FjbZs4Pay9rryDfKFGWPxZB1Cdo&q.academicUnitId=635
College of Dentistry,Preventive and Community Dentistry,/my-ui/courses/by-department.page?search=&_ticket=JpH3DEtunCoPay9rryDfKFGWPxZB1Cdo&q.academicUnitId=444
College of Dentistry,Pediatric Dentistry,/my-ui/courses/by-department.page?search=&_ticket=2PxT22VGwLMPay9rryDfKFGWPxZB1Cdo&q.academicUnitId=442
College of Dentistry,Periodontics,/my-ui/courses/by-department.page?search=&_ticket=G0NgAdQetVoPay9rryDfKFGWPxZB1Cdo&q.academicUnitId=443
College of Dentistry,Prosthodontics,/my-ui/courses/by-department.page?search=&_ticket=Ifm3S8wJy88Pay9rryDfKFGWPxZB1Cdo&q.academicUnitId=438
College of Engineering,College of Engineering Non-departmental Courses,/my-ui/courses/by-department.page?search=&_ticket=vZglZtkqCf8Pay9rryDfKN1NRs5iSp8c&q.academicUnitId=412
College of Engineering,Biomedical Engineering,/my-ui/courses/by-department.page?search=&_ticket=eqRsKeezHp0Pay9rryDfKN1NRs5iSp8c&q.academicUnitId=450
College of Engineering,Chemical and Biochemical Engineering,/my-ui/courses/by-department.page?search=&_ticket=lV3GWFrdcXkPay9rryDfKN1NRs5iSp8c&q.academicUnitId=451
College of Engineering,Civil and Environmental Engineering,/my-ui/courses/by-department.page?search=&_ticket=Id7WbCrJhg8Pay9rryDfKN1NRs5iSp8c&q.academicUnitId=452
College of Engineering,Electrical and Computer Engineering,/my-ui/courses/by-department.page?search=&_ticket=reaUId6pcYIPay9rryDfKN1NRs5iSp8c&q.academicUnitId=453
College of Engineering,Mechanical and Industrial Engineering,/my-ui/courses/by-department.page?search=&_ticket=NZLV9eLUEJEPay9rryDfKN1NRs5iSp8c&q.academicUnitId=454
Graduate College,Graduate College Non-departmental Courses,/my-ui/courses/by-department.page?search=&_ticket=pKgrnnrXUYQPay9rryDfKBTTpbfGzDeP&q.academicUnitId=413
Graduate College,Applied Mathematical & Computational Sciences,/my-ui/courses/by-department.page?search=&_ticket=ynliW1AvkLgPay9rryDfKBTTpbfGzDeP&q.academicUnitId=513
Graduate College,Biomedical Science,/my-ui/courses/by-department.page?search=&_ticket=nME1pGKW0vIPay9rryDfKBTTpbfGzDeP&q.academicUnitId=506
Graduate College,Genetics,/my-ui/courses/by-department.page?search=&_ticket=8W6wqOcCVFcPay9rryDfKBTTpbfGzDeP&q.academicUnitId=502
Graduate College,Informatics,/my-ui/courses/by-department.page?search=&_ticket=iN0mfUsbtQcPay9rryDfKPS14lRMWZ5v&q.academicUnitId=512
Graduate College,Immunology,/my-ui/courses/by-department.page?search=&_ticket=A33iE1pOn5cPay9rryDfKPS14lRMWZ5v&q.academicUnitId=505
Graduate College,International Writing Program,/my-ui/courses/by-department.page?search=&_ticket=m8Fa0cR_Qc8Pay9rryDfKPS14lRMWZ5v&q.academicUnitId=510
Graduate College,Molecular and Cellular Biology,/my-ui/courses/by-department.page?search=&_ticket=cnRGk-lid7YPay9rryDfKPS14lRMWZ5v&q.academicUnitId=504
Graduate College,Neuroscience,/my-ui/courses/by-department.page?search=&_ticket=EqluZ_400EcPay9rryDfKPS14lRMWZ5v&q.academicUnitId=503
Graduate College,Rhetorics of Inquiry,/my-ui/courses/by-department.page?search=&_ticket=pa6LOP9uY4kPay9rryDfKPS14lRMWZ5v&q.academicUnitId=620
Graduate College,Library and Information Science,/my-ui/courses/by-department.page?search=&_ticket=dxjJi4Hi0ToPay9rryDfKPS14lRMWZ5v&q.academicUnitId=499
Graduate College,Translational Biomedicine Program,/my-ui/courses/by-department.page?search=&_ticket=4DDbpYgBrA8Pay9rryDfKPS14lRMWZ5v&q.academicUnitId=508
Graduate College,Human Toxicology,/my-ui/courses/by-department.page?search=&_ticket=qFy22NQ1ozIPay9rryDfKPS14lRMWZ5v&q.academicUnitId=511
Graduate College,Center for the Book,/my-ui/courses/by-department.page?search=&_ticket=xmAL3iT_6fcPay9rryDfKPS14lRMWZ5v&q.academicUnitId=501
Graduate College,Urban and Regional Planning,/my-ui/courses/by-department.page?search=&_ticket=bX41eWx0_YsPay9rryDfKPS14lRMWZ5v&q.academicUnitId=500
College of Public Health,College of Public Health Non-departmental Courses,/my-ui/courses/by-department.page?search=&_ticket=6TJLfNnKOqYPay9rryDfKPxrZxWWA5Tu&q.academicUnitId=414
College of Public Health,Biostatistics,/my-ui/courses/by-department.page?search=&_ticket=LqPOS_OhMrAPay9rryDfKPxrZxWWA5Tu&q.academicUnitId=467
College of Public Health,Community and Behavioral Health,/my-ui/courses/by-department.page?search=&_ticket=3En2QhGzeX0Pay9rryDfKPxrZxWWA5Tu&q.academicUnitId=468
College of Public Health,Epidemiology,/my-ui/courses/by-department.page?search=&_ticket=x9TYqnUtr64Pay9rryDfKPxrZxWWA5Tu&q.academicUnitId=469
College of Public Health,Health Management and Policy,/my-ui/courses/by-department.page?search=&_ticket=3DGbPvKUzD8Pay9rryDfKPxrZxWWA5Tu&q.academicUnitId=470
College of Public Health,Occupational and Environmental Health,/my-ui/courses/by-department.page?search=&_ticket=m8Yfb0IjNXQPay9rryDfKPxrZxWWA5Tu&q.academicUnitId=471
College of Law,College of Law Non-departmental Courses,/my-ui/courses/by-department.page?search=&_ticket=7rXmuF-NSgkPay9rryDfKFa3GMSe79FO&q.academicUnitId=415
College of Law,University of Iowa Center for Human Rights,/my-ui/courses/by-department.page?search=&_ticket=gB_OvqTQBqwPay9rryDfKFa3GMSe79FO&q.academicUnitId=685
Carver College of Medicine,Carver College of Medicine Non-departmental Courses,/my-ui/courses/by-department.page?search=&_ticket=f1mzF8bS5yUPay9rryDfKCeYtXpT9Iue&q.academicUnitId=416
Carver College of Medicine,Anatomy and Cell Biology,/my-ui/courses/by-department.page?search=&_ticket=_RkjXyVT30UPay9rryDfKCeYtXpT9Iue&q.academicUnitId=588
Carver College of Medicine,Anesthesia,/my-ui/courses/by-department.page?search=&_ticket=AlMUbac6KUcPay9rryDfKCeYtXpT9Iue&q.academicUnitId=634
Carver College of Medicine,Biochemistry,/my-ui/courses/by-department.page?search=&_ticket=5rG84KjC5lUPay9rryDfKCeYtXpT9Iue&q.academicUnitId=589
Carver College of Medicine,Breast Imaging Program,/my-ui/courses/by-department.page?search=&_ticket=KmB3jbl9tYsPay9rryDfKCeYtXpT9Iue&q.academicUnitId=636
Carver College of Medicine,Medical Laboratory Science,/my-ui/courses/by-department.page?search=&_ticket=lZQZdAdqwpsPay9rryDfKCeYtXpT9Iue&q.academicUnitId=584
Carver College of Medicine,Cardiothoracic Surgery,/my-ui/courses/by-department.page?search=&_ticket=tWkvChHWQpIPay9rryDfKCeYtXpT9Iue&q.academicUnitId=590
Carver College of Medicine,Doris Duke Scholar Program,/my-ui/courses/by-department.page?search=&_ticket=X11TuW9JcdAPay9rryDfKCeYtXpT9Iue&q.academicUnitId=616
Carver College of Medicine,Dermatology,/my-ui/courses/by-department.page?search=&_ticket=INZ1CXDUpPMPay9rryDfKCeYtXpT9Iue&q.academicUnitId=591
Carver College of Medicine,Dietary,/my-ui/courses/by-department.page?search=&_ticket=30KV-v3n878Pay9rryDfKCeYtXpT9Iue&q.academicUnitId=619
Carver College of Medicine,Emergency Medicine,/my-ui/courses/by-department.page?search=&_ticket=qleZ3usW-sYPay9rryDfKCeYtXpT9Iue&q.academicUnitId=592
Carver College of Medicine,EMT -Paramedic Program,/my-ui/courses/by-department.page?search=&_ticket=yQtV27ov-94Pay9rryDfKEl4hxQ45GJY&q.academicUnitId=621
Carver College of Medicine,Family Medicine,/my-ui/courses/by-department.page?search=&_ticket=BXu0U8o7v_oPay9rryDfKEl4hxQ45GJY&q.academicUnitId=633
Carver College of Medicine,Free Radical and Radiation Biology,/my-ui/courses/by-department.page?search=&_ticket=C4CH8la1Q9QPay9rryDfKEl4hxQ45GJY&q.academicUnitId=593
Carver College of Medicine,Internal Medicine,/my-ui/courses/by-department.page?search=&_ticket=DLAUJ81-bhMPay9rryDfKEl4hxQ45GJY&q.academicUnitId=594
Carver College of Medicine,Medicine Non-Departmental,/my-ui/courses/by-department.page?search=&_ticket=HBkihxSx4_APay9rryDfKEl4hxQ45GJY&q.academicUnitId=595
Carver College of Medicine,Microbiology and Immunology,/my-ui/courses/by-department.page?search=&_ticket=CCn-EoofMNgPay9rryDfKEl4hxQ45GJY&q.academicUnitId=596
Carver College of Medicine,Molecular Physiology and Biophysics,/my-ui/courses/by-department.page?search=&_ticket=ZhEMEaP7PjQPay9rryDfKEl4hxQ45GJY&q.academicUnitId=597
Carver College of Medicine,Medical Scientist Training Program,/my-ui/courses/by-department.page?search=&_ticket=k5qvmOkAjFcPay9rryDfKEl4hxQ45GJY&q.academicUnitId=615
Carver College of Medicine,Neurology,/my-ui/courses/by-department.page?search=&_ticket=AwLqxXSKlxUPay9rryDfKEl4hxQ45GJY&q.academicUnitId=598
Carver College of Medicine,Nuclear Medicine Technology,/my-ui/courses/by-department.page?search=&_ticket=oYFuEPbDdkMPay9rryDfKEl4hxQ45GJY&q.academicUnitId=586
Carver College of Medicine,Neurosurgery,/my-ui/courses/by-department.page?search=&_ticket=_qaP3I_biQEPay9rryDfKEl4hxQ45GJY&q.academicUnitId=599
Carver College of Medicine,Obstetrics and Gynecology,/my-ui/courses/by-department.page?search=&_ticket=-XY4GKLi7hAPay9rryDfKEl4hxQ45GJY&q.academicUnitId=600
Carver College of Medicine,Ophthalmology and Visual Sciences,/my-ui/courses/by-department.page?search=&_ticket=xnDd-_WYNxEPay9rryDfKEl4hxQ45GJY&q.academicUnitId=601
Carver College of Medicine,Orthopedics and Rehabilitation,/my-ui/courses/by-department.page?search=&_ticket=XWSBs3dnEtoPay9rryDfKEl4hxQ45GJY&q.academicUnitId=602
Carver College of Medicine,Otolaryngology - Head and Neck Surgery,/my-ui/courses/by-department.page?search=&_ticket=6wVGdy81L0cPay9rryDfKEl4hxQ45GJY&q.academicUnitId=603
Carver College of Medicine,Orthoptics Teaching Program,/my-ui/courses/by-department.page?search=&_ticket=cx5WBJHPwewPay9rryDfKHAm4AbKQSK3&q.academicUnitId=623
Carver College of Medicine,Physician Assistant Studies and Services,/my-ui/courses/by-department.page?search=&_ticket=G_B4HuOEsOMPay9rryDfKHAm4AbKQSK3&q.academicUnitId=607
Carver College of Medicine,Pathology,/my-ui/courses/by-department.page?search=&_ticket=pfPXKfKA_2kPay9rryDfKHAm4AbKQSK3&q.academicUnitId=604
Carver College of Medicine,Pharmacology,/my-ui/courses/by-department.page?search=&_ticket=6EcWdou-dVIPay9rryDfKHAm4AbKQSK3&q.academicUnitId=606
Carver College of Medicine,Stead Family Department of Pediatrics,/my-ui/courses/by-department.page?search=&_ticket=1yOOcenrLzUPay9rryDfKHAm4AbKQSK3&q.academicUnitId=605
Carver College of Medicine,Psychiatry,/my-ui/courses/by-department.page?search=&_ticket=586ZPrVQ0hYPay9rryDfKHAm4AbKQSK3&q.academicUnitId=608
Carver College of Medicine,Physical Therapy and Rehabilitation Science,/my-ui/courses/by-department.page?search=&_ticket=GGAzYWhmRdMPay9rryDfKHAm4AbKQSK3&q.academicUnitId=585
Carver College of Medicine,Radiology,/my-ui/courses/by-department.page?search=&_ticket=dMBV28Q0HzsPay9rryDfKHAm4AbKQSK3&q.academicUnitId=610
Carver College of Medicine,Radiation Oncology,/my-ui/courses/by-department.page?search=&_ticket=yQtKdsC3ZisPay9rryDfKHAm4AbKQSK3&q.academicUnitId=609
Carver College of Medicine,Cardiovascular Interventional Program,/my-ui/courses/by-department.page?search=&_ticket=UFBm7QbEDSsPay9rryDfKHAm4AbKQSK3&q.academicUnitId=627
Carver College of Medicine,Computed Tomography Program,/my-ui/courses/by-department.page?search=&_ticket=sbJPqnhe4fsPay9rryDfKHAm4AbKQSK3&q.academicUnitId=628
Carver College of Medicine,Magnetic Resonance Imaging,/my-ui/courses/by-department.page?search=&_ticket=DzYrb3PZfG0Pay9rryDfKHAm4AbKQSK3&q.academicUnitId=626
Carver College of Medicine,Medical Sonography,/my-ui/courses/by-department.page?search=&_ticket=I9oBSeuvmysPay9rryDfKHAm4AbKQSK3&q.academicUnitId=625
Carver College of Medicine,Radiation Sciences,/my-ui/courses/by-department.page?search=&_ticket=ay08s0xhmLsPay9rryDfKHAm4AbKQSK3&q.academicUnitId=587
Carver College of Medicine,Radiologic Technology Program,/my-ui/courses/by-department.page?search=&_ticket=jxD2j_ni3nQPay9rryDfKHAm4AbKQSK3&q.academicUnitId=622
Carver College of Medicine,Radiation Therapy Program,/my-ui/courses/by-department.page?search=&_ticket=h8yGjO5wJvcPay9rryDfKHAm4AbKQSK3&q.academicUnitId=624
Carver College of Medicine,Surgery,/my-ui/courses/by-department.page?search=&_ticket=L-3p7AIjSjEPay9rryDfKAjR9c-c4dAu&q.academicUnitId=611
Carver College of Medicine,Translational Biomedicine,/my-ui/courses/by-department.page?search=&_ticket=nSK_OgLgTUcPay9rryDfKAjR9c-c4dAu&q.academicUnitId=618
Carver College of Medicine,Urology,/my-ui/courses/by-department.page?search=&_ticket=S2npCGINjpIPay9rryDfKAjR9c-c4dAu&q.academicUnitId=612
University College,University College Non-departmental Courses,/my-ui/courses/by-department.page?search=&_ticket=U_IQ-U5NLvUPay9rryDfKAjR9c-c4dAu&q.academicUnitId=419
University College,Study Abroad,/my-ui/courses/by-department.page?search=&_ticket=z9I0Wbfj9CEPay9rryDfKAjR9c-c4dAu&q.academicUnitId=477
University College,Aerospace Studies,/my-ui/courses/by-department.page?search=&_ticket=fGBKUB_rKcUPay9rryDfKAjR9c-c4dAu&q.academicUnitId=480
University College,AGEP Summer Program,/my-ui/courses/by-department.page?search=&_ticket=4vCdg_H1n0kf4di3s1HnAlGWPxZB1Cdo&q.academicUnitId=491
University College,Belin-Blank Center for Gifted Education,/my-ui/courses/by-department.page?search=&_ticket=S10Nr30kArcf4di3s1HnAlGWPxZB1Cdo&q.academicUnitId=478
University College,Career Center Programs,/my-ui/courses/by-department.page?search=&_ticket=h5vc2R00yUwf4di3s1HnAlGWPxZB1Cdo&q.academicUnitId=489
University College,Center for Diversity and Enrichment,/my-ui/courses/by-department.page?search=&_ticket=x5_jk2S7x-of4di3s1HnAlGWPxZB1Cdo&q.academicUnitId=483
University College,College Success Initiatives,/my-ui/courses/by-department.page?search=&_ticket=0K3xjwJdH8Af4di3s1HnAlGWPxZB1Cdo&q.academicUnitId=487
University College,First-Year Programs,/my-ui/courses/by-department.page?search=&_ticket=842KAznmiZ0f4di3s1HnAlGWPxZB1Cdo&q.academicUnitId=669
University College,Intercollegiate Athletic Participation,/my-ui/courses/by-department.page?search=&_ticket=dFlCvFQ-ypkf4di3s1HnAlGWPxZB1Cdo&q.academicUnitId=488
University College,Iowa Biosciences Academy,/my-ui/courses/by-department.page?search=&_ticket=m_qAV8WTZ2gf4di3s1HnAlGWPxZB1Cdo&q.academicUnitId=479
University College,International Programs,/my-ui/courses/by-department.page?search=&_ticket=IxnLCeVg_iYf4di3s1HnAlGWPxZB1Cdo&q.academicUnitId=703
University College,Lifetime Leisure Skills,/my-ui/courses/by-department.page?search=&_ticket=huPCNfan_OQf4di3s1HnAlGWPxZB1Cdo&q.academicUnitId=490
University College,Leadership Studies,/my-ui/courses/by-department.page?search=&_ticket=21JxmtiBYVgf4di3s1HnAlGWPxZB1Cdo&q.academicUnitId=675
University College,Military Science,/my-ui/courses/by-department.page?search=&_ticket=6rYEtfuE104f4di3s1HnAlGWPxZB1Cdo&q.academicUnitId=474
University College,Orientation Training,/my-ui/courses/by-department.page?search=&_ticket=8cT6UZLcxwwf4di3s1HnAlGWPxZB1Cdo&q.academicUnitId=492
University College,Patient Care Practicum,/my-ui/courses/by-department.page?search=&_ticket=6lFp9LUCmD4f4di3s1HnAlGWPxZB1Cdo&q.academicUnitId=494
University College,Biomedical and Health Sciences,/my-ui/courses/by-department.page?search=&_ticket=-q7QKc-Z-ngf4di3s1HnAlGWPxZB1Cdo&q.academicUnitId=713
University College,Research Experiences for Undergraduates in Microbiology,/my-ui/courses/by-department.page?search=&_ticket=KCMCrKu8wREf4di3s1HnAt1NRs5iSp8c&q.academicUnitId=484
University College,Student Information Technology Skills,/my-ui/courses/by-department.page?search=&_ticket=7iSVE-tLCPsf4di3s1HnAt1NRs5iSp8c&q.academicUnitId=496
University College,Summer Medical Scientist Training Program,/my-ui/courses/by-department.page?search=&_ticket=EYGZyYAw2c8f4di3s1HnAt1NRs5iSp8c&q.academicUnitId=485
University College,Secondary Student Training Program,/my-ui/courses/by-department.page?search=&_ticket=EE1BazXoqpAf4di3s1HnAt1NRs5iSp8c&q.academicUnitId=498
University College,Student Services,/my-ui/courses/by-department.page?search=&_ticket=HXIEfjVL84Qf4di3s1HnAt1NRs5iSp8c&q.academicUnitId=493
University College,University of Iowa Honors Program,/my-ui/courses/by-department.page?search=&_ticket=xJW8yWjyamgf4di3s1HnAt1NRs5iSp8c&q.academicUnitId=476
University College,Iowa Lakeside Laboratory,/my-ui/courses/by-department.page?search=&_ticket=IB00Hkf9VBkf4di3s1HnAt1NRs5iSp8c&q.academicUnitId=473
University College,University of Iowa Upward Bound,/my-ui/courses/by-department.page?search=&_ticket=HQNMgdP2Mawf4di3s1HnAt1NRs5iSp8c&q.academicUnitId=481
University College,University Libraries,/my-ui/courses/by-department.page?search=&_ticket=cHQWd9LlDTAf4di3s1HnAt1NRs5iSp8c&q.academicUnitId=497
University College,Undergraduate Research Experiences,/my-ui/courses/by-department.page?search=&_ticket=yObcuNwWbNMf4di3s1HnAt1NRs5iSp8c&q.academicUnitId=709
College of Education,College of Education Non-departmental Courses,/my-ui/courses/by-department.page?search=&_ticket=ltSUemZgGGsf4di3s1HnAhTTpbfGzDeP&q.academicUnitId=420
College of Education,Rehabilitation and Counselor Education,/my-ui/courses/by-department.page?search=&_ticket=nd_JmPVQ0B4f4di3s1HnAhTTpbfGzDeP&q.academicUnitId=447
College of Education,Education Interdepartmental,/my-ui/courses/by-department.page?search=&_ticket=3u4TCF9s0-Uf4di3s1HnAhTTpbfGzDeP&q.academicUnitId=672
College of Education,Teaching and Learning,/my-ui/courses/by-department.page?search=&_ticket=XsQY7yVh1H4f4di3s1HnAhTTpbfGzDeP&q.academicUnitId=448
College of Education,Educational Policy and Leadership Studies,/my-ui/courses/by-department.page?search=&_ticket=ly9X1UJZKPQf4di3s1HnAhTTpbfGzDeP&q.academicUnitId=446
College of Education,Psychological and Quantitative Foundations,/my-ui/courses/by-department.page?search=&_ticket=BFsfr0407V4f4di3s1HnAhTTpbfGzDeP&q.academicUnitId=449
College of Education,UI REACH Program,/my-ui/courses/by-department.page?search=&_ticket=hNHU7-vpvgcf4di3s1HnAhTTpbfGzDeP&q.academicUnitId=651
